id,name,slug,description,project_type,status,address,city,state,pincode,latitude,longitude,starting_price,total_units,available_units,cover_image,gallery_images,video_url,launch_date,expected_completion,actual_completion,total_floors,total_area_sqft,amenities,blockchain_hash,verified,verification_score,views_count,interested_count,meta_title,meta_description,created_at,updated_at,developer_id,project_videos,qr_code_data
0b12c014-1d00-4abc-9092-cc5e4f3324bf,Elite Towers Phase 15,elite-towers-phase-15-67,"Elite Towers Phase 15 offers premium living with modern amenities in Dwarka, Delhi. Experience luxury and comfort at its best.",residential,completed,"Plot No. 114, Sector 18, Dwarka, Delhi",Delhi,Delhi,508314,28.714199,77.146130,4961792.00,8,8,https://images.unsplash.com/photo-1600210492493-0946911123ea?w=800,"[""https://images.unsplash.com/photo-1599809275671-b5942cabc7a2?w=800"",""https://images.unsplash.com/photo-1600573472591-ee6b68d14c68?w=800"",""https://images.unsplash.com/photo-1600607687644-c7171b42498b?w=800"",""https://images.unsplash.com/photo-1600607687920-4e2a09cf159d?w=800""]",,2024-07-15,2026-10-23,,8,155556.00,"[""Parking"",""Landscaped Gardens"",""Kids Play Area"",""Power Backup"",""24/7 Security"",""Clubhouse""]",,true,81.00,2,0,,,2025-11-09 08:19:51.403287+00,2025-11-09 08:19:51.403309+00,75,[],
0bb4faa3-0337-4205-85dc-27bdfc2e15ea,Green Valley Gardens Phase 1,green-valley-gardens-phase-1-51,"Green Valley Gardens Phase 1 offers premium living with modern amenities in Saket, Delhi. Experience luxury and comfort at its best.",residential,completed,"Plot No. 100, Sector 25, Saket, Delhi",Delhi,Delhi,422267,28.745567,77.122006,6513354.00,0,0,https://images.unsplash.com/photo-1545324418-cc1a3fa10c00?w=800,"[""https://images.unsplash.com/photo-1600596542815-ffad4c1539a9?w=800"",""https://images.unsplash.com/photo-1600585154340-be6161a56a0c?w=800"",""https://images.unsplash.com/photo-1599809275671-b5942cabc7a2?w=800""]",,2024-08-18,2027-03-02,,24,87382.00,"[""Lift"",""24/7 Security"",""Swimming Pool"",""Power Backup"",""Kids Play Area""]",,true,94.00,0,0,,,2025-11-09 08:18:07.620009+00,2025-11-09 08:18:07.620026+00,71,[],
0d329297-62a3-475c-8c99-4dbbd4a483f2,Delhi Tranquil Towers,delhi-tranquil-towers,"Experience luxury living at Delhi Tranquil Towers, a premium residential project in Delhi. Featuring modern architecture, world-class amenities, and excellent connectivity.",residential,upcoming,"Plot No. 45, Sector 21, Delhi",Delhi,Delhi,408499,28.746905,77.171469,17179871.00,66,35,https://images.unsplash.com/photo-1600563438938-a650c6f43f20?w=800,"[""https://images.unsplash.com/photo-1600585154340-be6161a56a0c?w=800"",""https://images.unsplash.com/photo-1600585154526-990dced4db0d?w=800"",""https://images.unsplash.com/photo-1613977257363-707ba9348227?w=800"",""https://images.unsplash.com/photo-1600563438938-a650c6f43f20?w=800""]",,2025-07-04,2027-10-31,,19,65868.00,"[""Gym"",""Amphitheater"",""Tennis Court"",""Kids Play Area"",""Swimming Pool"",""Squash Court"",""Party Hall""]",,false,69.99,99,0,,,2025-11-09 08:13:58.355936+00,2025-11-09 08:13:58.355972+00,73,[],
0dbacfa6-c425-4f95-829d-bc7e76a008d6,Indiranagar Palazzo,indiranagar-palazzo,"Experience luxury living at Indiranagar Palazzo, a premium residential project in Bangalore. Featuring modern architecture, world-class amenities, and excellent connectivity.",residential,upcoming,"Plot No. 14, Sector 18, Bangalore",Bangalore,Karnataka,437765,12.912707,77.569869,12186336.00,118,74,https://images.unsplash.com/photo-1600573472591-ee6b68d14c68?w=800,"[""https://images.unsplash.com/photo-1600607687644-c7171b42498b?w=800"",""https://images.unsplash.com/photo-1600563438938-a650c6f43f20?w=800"",""https://images.unsplash.com/photo-1600047509807-ba8f99d2cdde?w=800"",""https://images.unsplash.com/photo-1600566753086-00f18fb6b3ea?w=800""]",,2025-01-05,2027-05-17,,15,94872.00,"[""Indoor Games"",""Landscaped Gardens"",""Security"",""Sauna"",""Party Hall"",""Tennis Court"",""Swimming Pool""]",,false,54.71,180,0,,,2025-11-09 08:13:44.624332+00,2025-11-09 08:13:44.624363+00,76,[],
0e2e4d93-1707-4e6a-ada7-12f4ef983e25,Royal Towers,royal-towers,"Experience luxury living at Royal Towers, a premium residential project in Hyderabad. Featuring modern architecture, world-class amenities, and excellent connectivity.",residential,upcoming,"Plot No. 95, Sector 50, Hyderabad",Hyderabad,Telangana,416031,17.355816,78.453891,5591930.00,134,71,https://images.unsplash.com/photo-1600210492493-0946911123ea?w=800,"[""https://images.unsplash.com/photo-1599809275671-b5942cabc7a2?w=800"",""https://images.unsplash.com/photo-1600573472550-8090b5e0745e?w=800"",""https://images.unsplash.com/photo-1600566753190-17f0baa2a6c3?w=800""]",,2024-07-28,2025-08-22,,22,188404.00,"[""Spa"",""Party Hall"",""Landscaped Gardens"",""Parking"",""Power Backup"",""Swimming Pool"",""Kids Play Area"",""Security"",""Squash Court"",""Jogging Track"",""Yoga Room"",""Gym""]",,false,70.44,372,0,,,2025-11-09 08:14:07.075939+00,2025-11-09 08:14:07.07597+00,71,[],
12d579f6-9147-4108-9754-ba5366413c5e,Tranquil Homes,tranquil-homes,"Experience luxury living at Tranquil Homes, a premium residential project in Delhi. Featuring modern architecture, world-class amenities, and excellent connectivity.",residential,upcoming,"Plot No. 42, Sector 1, Delhi",Delhi,Delhi,416599,28.747376,77.005812,12471017.00,284,164,https://images.unsplash.com/photo-1600566753086-00f18fb6b3ea?w=800,"[""https://images.unsplash.com/photo-1600607687644-c7171b42498b?w=800"",""https://images.unsplash.com/photo-1600047509807-ba8f99d2cdde?w=800"",""https://images.unsplash.com/photo-1613977257363-707ba9348227?w=800"",""https://images.unsplash.com/photo-1600566753190-17f0baa2a6c3?w=800"",""https://images.unsplash.com/photo-1600596542815-ffad4c1539a9?w=800""]",,2025-10-22,2028-05-30,,19,335160.00,"[""Spa"",""Clubhouse"",""Kids Play Area"",""Yoga Room"",""Gym"",""Amphitheater""]",,false,75.75,93,0,,,2025-11-09 08:14:00.048325+00,2025-11-09 08:14:00.048356+00,73,[],
15757230-6964-46ea-9154-750d1fbc9ef8,Bangalore Silver Horizon,bangalore-silver-horizon,"Experience luxury living at Bangalore Silver Horizon, a premium residential project in Bangalore. Featuring modern architecture, world-class amenities, and excellent connectivity.",residential,ongoing,"Plot No. 55, Sector 47, Bangalore",Bangalore,Karnataka,409805,12.953607,77.497436,7022483.00,266,170,https://images.unsplash.com/photo-1599809275671-b5942cabc7a2?w=800,"[""https://images.unsplash.com/photo-1600585154340-be6161a56a0c?w=800"",""https://images.unsplash.com/photo-1599809275671-b5942cabc7a2?w=800"",""https://images.unsplash.com/photo-1600210492493-0946911123ea?w=800"",""https://images.unsplash.com/photo-1600585154526-990dced4db0d?w=800"",""https://images.unsplash.com/photo-1600563438938-a650c6f43f20?w=800""]",,2025-04-16,2026-04-16,,11,396606.00,"[""Swimming Pool"",""Spa"",""Tennis Court"",""Parking"",""Indoor Games"",""Security"",""Amphitheater"",""Sauna"",""Gym"",""Party Hall""]",,true,50.87,346,0,,,2025-11-09 08:13:48.544737+00,2025-11-09 08:13:48.54477+00,75,[],
1b21c30b-ed04-4724-8fd1-c48a0c758727,Elite Towers Phase 14,elite-towers-phase-14-66,"Elite Towers Phase 14 offers premium living with modern amenities in Hinjewadi, Pune. Experience luxury and comfort at its best.",residential,ongoing,"Plot No. 113, Sector 41, Hinjewadi, Pune",Pune,Maharashtra,499397,18.479025,73.815339,4966300.00,8,8,https://images.unsplash.com/photo-1502672260266-1c1ef2d93688?w=800,"[""https://images.unsplash.com/photo-1600573472550-8090b5e0745e?w=800"",""https://images.unsplash.com/photo-1613977257363-707ba9348227?w=800"",""https://images.unsplash.com/photo-1600573472591-ee6b68d14c68?w=800""]",,2025-05-15,2026-07-30,,8,97942.00,"[""24/7 Security"",""Lift"",""Parking"",""Gym"",""Power Backup"",""Kids Play Area"",""Clubhouse"",""Landscaped Gardens""]",,true,81.00,0,0,,,2025-11-09 08:19:50.190565+00,2025-11-09 08:19:50.190573+00,74,[],
1b97410b-5558-45e5-b4c6-1497704d3560,Premium Enclave Phase 3,premium-enclave-phase-3-55,"Premium Enclave Phase 3 offers premium living with modern amenities in Powai, Mumbai. Experience luxury and comfort at its best.",residential,upcoming,"Plot No. 102, Sector 50, Powai, Mumbai",Mumbai,Maharashtra,476795,19.111976,72.842049,4232103.00,6,6,https://images.unsplash.com/photo-1512917774080-9991f1c4c750?w=800,"[""https://images.unsplash.com/photo-1600607687644-c7171b42498b?w=800"",""https://images.unsplash.com/photo-1600563438938-a650c6f43f20?w=800"",""https://images.unsplash.com/photo-1502672260266-1c1ef2d93688?w=800"",""https://images.unsplash.com/photo-1600573472550-8090b5e0745e?w=800"",""https://images.unsplash.com/photo-1600566753190-17f0baa2a6c3?w=800""]",,2024-07-19,2027-07-27,,6,189850.00,"[""Swimming Pool"",""Power Backup"",""Clubhouse"",""Lift"",""Parking"",""Landscaped Gardens"",""Kids Play Area"",""24/7 Security""]",,true,86.00,0,0,,,2025-11-09 08:19:38.741564+00,2025-11-09 08:19:38.741581+00,73,[],
1d2b6321-c681-458d-8fa8-9c8e7a94af11,Golden Court,golden-court,"Experience luxury living at Golden Court, a premium residential project in Pune. Featuring modern architecture, world-class amenities, and excellent connectivity.",residential,ongoing,"Plot No. 83, Sector 37, Pune",Pune,Maharashtra,485100,18.527164,73.871455,11775248.00,273,160,https://images.unsplash.com/photo-1600607687920-4e2a09cf159d?w=800,"[""https://images.unsplash.com/photo-1600607687939-ce8a6c25118c?w=800"",""https://images.unsplash.com/photo-1502672260266-1c1ef2d93688?w=800"",""https://images.unsplash.com/photo-1600563438938-a650c6f43f20?w=800""]",,2024-04-05,2025-10-18,,5,262353.00,"[""Tennis Court"",""Party Hall"",""Amphitheater"",""Yoga Room"",""Jogging Track"",""Clubhouse"",""Spa"",""Power Backup"",""Swimming Pool"",""Kids Play Area""]",,false,74.09,270,0,,,2025-11-09 08:13:39.726274+00,2025-11-09 08:13:39.726305+00,77,[],
2477222a-bfa5-488f-88f8-695519267c5f,Gurgaon Square,gurgaon-square,"Experience luxury living at Gurgaon Square, a premium residential project in Delhi. Featuring modern architecture, world-class amenities, and excellent connectivity.",residential,upcoming,"Plot No. 58, Sector 48, Delhi",Delhi,Delhi,424112,28.795610,77.087841,8406818.00,243,139,https://images.unsplash.com/photo-1600607687939-ce8a6c25118c?w=800,"[""https://images.unsplash.com/photo-1600573472550-8090b5e0745e?w=800"",""https://images.unsplash.com/photo-1600566753086-00f18fb6b3ea?w=800"",""https://images.unsplash.com/photo-1600573472591-ee6b68d14c68?w=800"",""https://images.unsplash.com/photo-1599809275671-b5942cabc7a2?w=800"",""https://images.unsplash.com/photo-1613977257363-707ba9348227?w=800""]",,2025-05-31,2027-06-23,,6,279450.00,"[""Kids Play Area"",""Security"",""Party Hall"",""Clubhouse"",""Basketball Court"",""Amphitheater"",""Yoga Room""]",,false,88.08,497,0,,,2025-11-09 08:13:56.223532+00,2025-11-09 08:13:56.223559+00,73,[],
26311c4a-8b26-4b2d-928d-9353d6db2a63,Electronic City Residency,electronic-city-residency,"Experience luxury living at Electronic City Residency, a premium residential project in Bangalore. Featuring modern architecture, world-class amenities, and excellent connectivity.",residential,ongoing,"Plot No. 48, Sector 13, Bangalore",Bangalore,Karnataka,497696,13.057979,77.683644,13474351.00,212,128,https://images.unsplash.com/photo-1600585154526-990dced4db0d?w=800,"[""https://images.unsplash.com/photo-1600563438938-a650c6f43f20?w=800"",""https://images.unsplash.com/photo-1600566753086-00f18fb6b3ea?w=800"",""https://images.unsplash.com/photo-1600607687644-c7171b42498b?w=800"",""https://images.unsplash.com/photo-1600566753190-17f0baa2a6c3?w=800""]",,2024-08-31,2025-10-27,,19,226840.00,"[""Gym"",""Party Hall"",""Parking"",""Sauna"",""Tennis Court"",""Yoga Room"",""Amphitheater"",""Library""]",,false,93.54,58,0,,,2025-11-09 08:13:42.374484+00,2025-11-09 08:13:42.374516+00,76,[],
27015708-ab98-41f8-8db3-a3f727a0ece8,Green Valley Gardens Phase 22,green-valley-gardens-phase-22-74,"Green Valley Gardens Phase 22 offers premium living with modern amenities in Dwarka, Delhi. Experience luxury and comfort at its best.",residential,completed,"Plot No. 121, Sector 46, Dwarka, Delhi",Delhi,Delhi,478984,28.691176,77.120877,5502477.00,5,5,https://images.unsplash.com/photo-1600585154340-be6161a56a0c?w=800,"[""https://images.unsplash.com/photo-1502672260266-1c1ef2d93688?w=800"",""https://images.unsplash.com/photo-1600566753190-17f0baa2a6c3?w=800"",""https://images.unsplash.com/photo-1600573472591-ee6b68d14c68?w=800""]",,2024-08-25,2027-09-23,,5,57035.00,"[""Landscaped Gardens"",""Gym"",""Power Backup"",""Lift"",""24/7 Security"",""Clubhouse"",""Parking"",""Swimming Pool""]",,true,82.00,6,0,,,2025-11-09 08:19:59.091208+00,2025-11-09 08:19:59.09123+00,72,[],
27fb67d4-0602-48e8-bbda-77b18f732f57,Hadapsar Vista,hadapsar-vista,"Experience luxury living at Hadapsar Vista, a premium residential project in Pune. Featuring modern architecture, world-class amenities, and excellent connectivity.",residential,ongoing,"Plot No. 12, Sector 48, Pune",Pune,Maharashtra,474988,18.578536,73.948087,9972225.00,222,126,https://images.unsplash.com/photo-1600607687939-ce8a6c25118c?w=800,"[""https://images.unsplash.com/photo-1600047509807-ba8f99d2cdde?w=800"",""https://images.unsplash.com/photo-1600573472591-ee6b68d14c68?w=800"",""https://images.unsplash.com/photo-1600573472550-8090b5e0745e?w=800"",""https://images.unsplash.com/photo-1600596542815-ffad4c1539a9?w=800"",""https://images.unsplash.com/photo-1600563438938-a650c6f43f20?w=800""]",,2025-06-15,2027-02-14,,22,326144.00,"[""Clubhouse"",""Library"",""Jogging Track"",""Yoga Room"",""Spa"",""Indoor Games"",""Landscaped Gardens"",""Kids Play Area"",""Power Backup"",""Security""]",,true,63.98,380,0,,,2025-11-09 08:13:36.790571+00,2025-11-09 08:13:36.790597+00,77,[],
2de23750-eb2a-4425-8424-d2a6a2a2138d,Elite Park Phase 18,elite-park-phase-18-70,"Elite Park Phase 18 offers premium living with modern amenities in Thane, Mumbai. Experience luxury and comfort at its best.",residential,completed,"Plot No. 117, Sector 27, Thane, Mumbai",Mumbai,Maharashtra,484151,19.026672,72.855853,5827413.00,8,8,https://images.unsplash.com/photo-1564013799919-ab600027ffc6?w=800,"[""https://images.unsplash.com/photo-1600607687644-c7171b42498b?w=800"",""https://images.unsplash.com/photo-1600585154340-be6161a56a0c?w=800"",""https://images.unsplash.com/photo-1600573472591-ee6b68d14c68?w=800"",""https://images.unsplash.com/photo-1600607687920-4e2a09cf159d?w=800""]",,2025-05-08,2026-07-09,,8,78808.00,"[""Lift"",""Landscaped Gardens"",""Gym"",""Power Backup"",""Swimming Pool"",""24/7 Security"",""Clubhouse"",""Parking""]",,true,75.00,5,0,,,2025-11-09 08:19:54.781728+00,2025-11-09 08:19:54.78175+00,78,[],
2eb76adf-8671-4f06-a39d-b326a281cbe3,Premium Gardens Phase 11,premium-gardens-phase-11-63,"Premium Gardens Phase 11 offers premium living with modern amenities in Whitefield, Bangalore. Experience luxury and comfort at its best.",residential,completed,"Plot No. 110, Sector 1, Whitefield, Bangalore",Bangalore,Karnataka,500214,12.923521,77.571359,5102806.00,5,5,https://images.unsplash.com/photo-1600607687644-c7171b42498b?w=800,"[""https://images.unsplash.com/photo-1600573472550-8090b5e0745e?w=800"",""https://images.unsplash.com/photo-1600585154526-990dced4db0d?w=800"",""https://images.unsplash.com/photo-1600585154340-be6161a56a0c?w=800"",""https://images.unsplash.com/photo-1600573472591-ee6b68d14c68?w=800""]",,2025-05-02,2027-08-23,,5,134623.00,"[""Gym"",""Swimming Pool"",""Kids Play Area"",""Power Backup"",""24/7 Security"",""Lift"",""Clubhouse""]",,true,76.00,20,0,,,2025-11-09 08:19:47.092148+00,2025-11-09 08:19:47.092176+00,71,[],
3175b081-6ba5-4c77-9835-c245b47ceffe,Wakad Gardens,wakad-gardens,"Experience luxury living at Wakad Gardens, a premium residential project in Pune. Featuring modern architecture, world-class amenities, and excellent connectivity.",residential,ongoing,"Plot No. 12, Sector 36, Pune",Pune,Maharashtra,422863,18.445695,73.773022,6850174.00,72,41,https://images.unsplash.com/photo-1600607687939-ce8a6c25118c?w=800,"[""https://images.unsplash.com/photo-1600563438938-a650c6f43f20?w=800"",""https://images.unsplash.com/photo-1600210492493-0946911123ea?w=800"",""https://images.unsplash.com/photo-1600596542815-ffad4c1539a9?w=800"",""https://images.unsplash.com/photo-1600573472550-8090b5e0745e?w=800""]",,2025-06-27,2027-01-24,,16,79059.00,"[""Tennis Court"",""Gym"",""Jogging Track"",""Spa"",""Swimming Pool"",""Amphitheater"",""Parking"",""Party Hall"",""Basketball Court""]",,true,65.37,284,0,,,2025-11-09 08:13:33.829954+00,2025-11-09 08:13:33.829989+00,78,[],
32a8f450-767e-41e7-a50e-1e559917f50a,Bellandur Vista,bellandur-vista,"Experience luxury living at Bellandur Vista, a premium residential project in Bangalore. Featuring modern architecture, world-class amenities, and excellent connectivity.",residential,ongoing,"Plot No. 51, Sector 25, Bangalore",Bangalore,Karnataka,478323,13.016801,77.666845,6698942.00,247,149,https://images.unsplash.com/photo-1502672260266-1c1ef2d93688?w=800,"[""https://images.unsplash.com/photo-1600047509807-ba8f99d2cdde?w=800"",""https://images.unsplash.com/photo-1600573472591-ee6b68d14c68?w=800"",""https://images.unsplash.com/photo-1600566753086-00f18fb6b3ea?w=800""]",,2024-06-06,2026-12-16,,16,298129.00,"[""Security"",""Jogging Track"",""Tennis Court"",""Amphitheater"",""Yoga Room"",""Basketball Court""]",,false,86.46,322,0,,,2025-11-09 08:13:46.277044+00,2025-11-09 08:13:46.277074+00,75,[],
3616d6ba-699d-403e-aedc-fdf0bfc7e9d3,Premium Heights,premium-heights,"Experience luxury living at Premium Heights, a premium residential project in Hyderabad. Featuring modern architecture, world-class amenities, and excellent connectivity.",residential,completed,"Plot No. 81, Sector 15, Hyderabad",Hyderabad,Telangana,465646,17.361158,78.400188,8234170.00,101,60,https://images.unsplash.com/photo-1502672260266-1c1ef2d93688?w=800,"[""https://images.unsplash.com/photo-1600047509807-ba8f99d2cdde?w=800"",""https://images.unsplash.com/photo-1600596542815-ffad4c1539a9?w=800"",""https://images.unsplash.com/photo-1600566753086-00f18fb6b3ea?w=800"",""https://images.unsplash.com/photo-1600563438938-a650c6f43f20?w=800"",""https://images.unsplash.com/photo-1600585154340-be6161a56a0c?w=800""]",,2025-04-13,2026-09-13,,5,141198.00,"[""Sauna"",""Gym"",""Power Backup"",""Tennis Court"",""Parking"",""Yoga Room"",""Swimming Pool"",""Amphitheater""]",,true,51.99,402,0,,,2025-11-09 08:14:06.113944+00,2025-11-09 08:14:06.113977+00,71,[],
377b304a-3c31-41ea-b838-600fe543c322,Bandra Greens,bandra-greens,"Experience luxury living at Bandra Greens, a premium residential project in Mumbai. Featuring modern architecture, world-class amenities, and excellent connectivity.",residential,upcoming,"Plot No. 23, Sector 14, Mumbai",Mumbai,Maharashtra,477314,19.045725,72.912769,11997155.00,190,119,https://images.unsplash.com/photo-1600607687644-c7171b42498b?w=800,"[""https://images.unsplash.com/photo-1600585154340-be6161a56a0c?w=800"",""https://images.unsplash.com/photo-1599809275671-b5942cabc7a2?w=800"",""https://images.unsplash.com/photo-1613977257363-707ba9348227?w=800"",""https://images.unsplash.com/photo-1600607687644-c7171b42498b?w=800"",""https://images.unsplash.com/photo-1600585154526-990dced4db0d?w=800""]",,2025-01-20,2027-03-26,,14,181832.00,"[""Squash Court"",""Party Hall"",""Gym"",""Sauna"",""Spa"",""Yoga Room"",""Power Backup"",""Tennis Court"",""Jogging Track"",""Basketball Court"",""Indoor Games""]",,true,93.37,332,0,,,2025-11-09 08:13:21.28945+00,2025-11-09 08:13:21.289484+00,80,[],
402b1848-ffec-421d-bf2c-11f9b19b5acb,Kukatpally Towers,kukatpally-towers,"Experience luxury living at Kukatpally Towers, a premium residential project in Hyderabad. Featuring modern architecture, world-class amenities, and excellent connectivity.",residential,completed,"Plot No. 6, Sector 14, Hyderabad",Hyderabad,Telangana,481305,17.448590,78.397067,8504783.00,289,179,https://images.unsplash.com/photo-1600596542815-ffad4c1539a9?w=800,"[""https://images.unsplash.com/photo-1600596542815-ffad4c1539a9?w=800"",""https://images.unsplash.com/photo-1600573472591-ee6b68d14c68?w=800"",""https://images.unsplash.com/photo-1600585154340-be6161a56a0c?w=800""]",,2025-07-24,2027-05-30,,27,268481.00,"[""Party Hall"",""Yoga Room"",""Amphitheater"",""Clubhouse"",""Parking"",""Basketball Court"",""Library"",""Landscaped Gardens"",""Gym"",""Swimming Pool"",""Sauna""]",,true,59.91,40,0,,,2025-11-09 08:14:04.975007+00,2025-11-09 08:14:04.975039+00,72,[],
44e95329-bae5-4f5e-94a6-bf730fca9741,Royal Homes Phase 16,royal-homes-phase-16-68,"Royal Homes Phase 16 offers premium living with modern amenities in Wakad, Pune. Experience luxury and comfort at its best.",residential,upcoming,"Plot No. 115, Sector 29, Wakad, Pune",Pune,Maharashtra,527070,18.484217,73.847182,7532404.00,5,5,https://images.unsplash.com/photo-1599809275671-b5942cabc7a2?w=800,"[""https://images.unsplash.com/photo-1600563438938-a650c6f43f20?w=800"",""https://images.unsplash.com/photo-1600585154526-990dced4db0d?w=800"",""https://images.unsplash.com/photo-1600210492493-0946911123ea?w=800""]",,2024-10-21,2027-05-24,,5,80448.00,"[""Clubhouse"",""Swimming Pool"",""24/7 Security"",""Power Backup"",""Kids Play Area"",""Landscaped Gardens""]",,true,81.00,0,0,,,2025-11-09 08:19:52.613094+00,2025-11-09 08:19:52.613117+00,76,[],
45444e39-75f2-4bff-b040-826afd2127f8,Whitefield Plaza,whitefield-plaza,"Experience luxury living at Whitefield Plaza, a premium residential project in Bangalore. Featuring modern architecture, world-class amenities, and excellent connectivity.",residential,upcoming,"Plot No. 27, Sector 26, Bangalore",Bangalore,Karnataka,415833,12.872188,77.523202,14633800.00,46,28,https://images.unsplash.com/photo-1613977257363-707ba9348227?w=800,"[""https://images.unsplash.com/photo-1600607687920-4e2a09cf159d?w=800"",""https://images.unsplash.com/photo-1600566753086-00f18fb6b3ea?w=800"",""https://images.unsplash.com/photo-1600585154526-990dced4db0d?w=800"",""https://images.unsplash.com/photo-1600573472591-ee6b68d14c68?w=800""]",,2024-05-18,2025-10-05,,5,56810.00,"[""Power Backup"",""Kids Play Area"",""Party Hall"",""Basketball Court"",""Sauna"",""Squash Court""]",,false,69.38,27,0,,,2025-11-09 08:13:41.694548+00,2025-11-09 08:13:41.694577+00,76,[],
48b458f1-1443-404d-847e-3e270f487e4d,Kandivali Park,kandivali-park,"Experience luxury living at Kandivali Park, a premium residential project in Mumbai. Featuring modern architecture, world-class amenities, and excellent connectivity.",residential,upcoming,"Plot No. 23, Sector 10, Mumbai",Mumbai,Maharashtra,401664,19.060342,72.895982,8110318.00,250,153,https://images.unsplash.com/photo-1502672260266-1c1ef2d93688?w=800,"[""https://images.unsplash.com/photo-1600566753190-17f0baa2a6c3?w=800"",""https://images.unsplash.com/photo-1600607687939-ce8a6c25118c?w=800"",""https://images.unsplash.com/photo-1600585154340-be6161a56a0c?w=800"",""https://images.unsplash.com/photo-1600563438938-a650c6f43f20?w=800"",""https://images.unsplash.com/photo-1600585154526-990dced4db0d?w=800""]",,2024-08-31,2027-04-10,,15,372484.00,"[""Library"",""Gym"",""Clubhouse"",""Party Hall"",""Amphitheater"",""Tennis Court"",""Swimming Pool""]",,true,97.19,427,0,,,2025-11-09 08:13:25.72282+00,2025-11-09 08:13:25.722855+00,79,[],
4a219338-b15a-448e-9edb-3d5a6a7647db,Pune Royal Villa,pune-royal-villa,"Experience luxury living at Pune Royal Villa, a premium residential project in Pune. Featuring modern architecture, world-class amenities, and excellent connectivity.",residential,completed,"Plot No. 21, Sector 20, Pune",Pune,Maharashtra,456799,18.582023,73.840367,9056952.00,74,48,https://images.unsplash.com/photo-1600566753086-00f18fb6b3ea?w=800,"[""https://images.unsplash.com/photo-1600566753190-17f0baa2a6c3?w=800"",""https://images.unsplash.com/photo-1600563438938-a650c6f43f20?w=800"",""https://images.unsplash.com/photo-1600047509807-ba8f99d2cdde?w=800"",""https://images.unsplash.com/photo-1613977257363-707ba9348227?w=800""]",,2025-01-06,2026-11-29,,9,65934.00,"[""Party Hall"",""Tennis Court"",""Security"",""Basketball Court"",""Landscaped Gardens"",""Power Backup"",""Amphitheater""]",,false,51.31,121,0,,,2025-11-09 08:13:40.867783+00,2025-11-09 08:13:40.867812+00,77,[],
58f2d465-9b19-4205-9433-e8ad2c28f1fb,Green Valley Homes Phase 19,green-valley-homes-phase-19-71,"Green Valley Homes Phase 19 offers premium living with modern amenities in Powai, Mumbai. Experience luxury and comfort at its best.",residential,completed,"Plot No. 118, Sector 48, Powai, Mumbai",Mumbai,Maharashtra,555672,19.032376,72.857687,4255624.00,5,5,https://images.unsplash.com/photo-1545324418-cc1a3fa10c00?w=800,"[""https://images.unsplash.com/photo-1600566753086-00f18fb6b3ea?w=800"",""https://images.unsplash.com/photo-1600210492493-0946911123ea?w=800"",""https://images.unsplash.com/photo-1600607687920-4e2a09cf159d?w=800"",""https://images.unsplash.com/photo-1599809275671-b5942cabc7a2?w=800"",""https://images.unsplash.com/photo-1600563438938-a650c6f43f20?w=800""]",,2024-07-25,2026-07-15,,5,102107.00,"[""Gym"",""Clubhouse"",""Parking"",""Lift"",""Swimming Pool"",""24/7 Security""]",,true,84.00,2,0,,,2025-11-09 08:19:55.993091+00,2025-11-09 08:19:55.99311+00,79,[],
5b876235-077f-48b4-9d09-ab95f664b608,Skyline Towers Phase 4,skyline-towers-phase-4-56,"Skyline Towers Phase 4 offers premium living with modern amenities in Malad, Mumbai. Experience luxury and comfort at its best.",residential,upcoming,"Plot No. 103, Sector 1, Malad, Mumbai",Mumbai,Maharashtra,437500,19.111921,72.856980,6953919.00,9,9,https://images.unsplash.com/photo-1600607687939-ce8a6c25118c?w=800,"[""https://images.unsplash.com/photo-1600573472591-ee6b68d14c68?w=800"",""https://images.unsplash.com/photo-1600607687920-4e2a09cf159d?w=800"",""https://images.unsplash.com/photo-1600585154340-be6161a56a0c?w=800"",""https://images.unsplash.com/photo-1600585154526-990dced4db0d?w=800"",""https://images.unsplash.com/photo-1600566753190-17f0baa2a6c3?w=800""]",,2024-07-17,2026-10-03,,9,72017.00,"[""24/7 Security"",""Landscaped Gardens"",""Clubhouse"",""Gym"",""Swimming Pool"",""Power Backup"",""Lift"",""Kids Play Area""]",,true,84.00,0,0,,,2025-11-09 08:19:39.684552+00,2025-11-09 08:19:39.684572+00,74,[],
620cacfc-2cfa-4c17-bc0c-5ed71be4f246,Hinjewadi Greens,hinjewadi-greens,"Experience luxury living at Hinjewadi Greens, a premium residential project in Pune. Featuring modern architecture, world-class amenities, and excellent connectivity.",residential,completed,"Plot No. 4, Sector 45, Pune",Pune,Maharashtra,411472,18.520580,73.954006,11677683.00,41,21,https://images.unsplash.com/photo-1545324418-cc1a3fa10c00?w=800,"[""https://images.unsplash.com/photo-1600607687644-c7171b42498b?w=800"",""https://images.unsplash.com/photo-1599809275671-b5942cabc7a2?w=800"",""https://images.unsplash.com/photo-1600607687920-4e2a09cf159d?w=800""]",,2025-08-29,2027-10-12,,13,59409.00,"[""Basketball Court"",""Power Backup"",""Security"",""Kids Play Area"",""Squash Court"",""Sauna"",""Tennis Court"",""Swimming Pool"",""Parking"",""Spa"",""Landscaped Gardens""]",,false,74.82,420,0,,,2025-11-09 08:13:32.017937+00,2025-11-09 08:13:32.017967+00,78,[],
63c991fe-dbe8-46af-9161-c3a8d9348b0a,Golden Apartments,golden-apartments,"Experience luxury living at Golden Apartments, a premium residential project in Hyderabad. Featuring modern architecture, world-class amenities, and excellent connectivity.",residential,completed,"Plot No. 29, Sector 20, Hyderabad",Hyderabad,Telangana,410967,17.443642,78.438886,5714807.00,163,106,https://images.unsplash.com/photo-1564013799919-ab600027ffc6?w=800,"[""https://images.unsplash.com/photo-1599809275671-b5942cabc7a2?w=800"",""https://images.unsplash.com/photo-1600563438938-a650c6f43f20?w=800"",""https://images.unsplash.com/photo-1502672260266-1c1ef2d93688?w=800"",""https://images.unsplash.com/photo-1600210492493-0946911123ea?w=800""]",,2024-03-06,2026-11-16,,24,134475.00,"[""Kids Play Area"",""Swimming Pool"",""Amphitheater"",""Yoga Room"",""Sauna"",""Basketball Court"",""Library"",""Gym"",""Parking"",""Spa"",""Landscaped Gardens"",""Indoor Games""]",,false,92.70,495,0,,,2025-11-09 08:14:09.868959+00,2025-11-09 08:14:09.868993+00,71,[],
63d821b2-773e-48b7-88d2-344baf5c2a36,Metro Park Phase 20,metro-park-phase-20-72,"Metro Park Phase 20 offers premium living with modern amenities in Powai, Mumbai. Experience luxury and comfort at its best.",residential,upcoming,"Plot No. 119, Sector 35, Powai, Mumbai",Mumbai,Maharashtra,436328,19.072936,72.914233,6946876.00,6,6,https://images.unsplash.com/photo-1600566753190-17f0baa2a6c3?w=800,"[""https://images.unsplash.com/photo-1600047509807-ba8f99d2cdde?w=800"",""https://images.unsplash.com/photo-1600573472591-ee6b68d14c68?w=800"",""https://images.unsplash.com/photo-1600566753086-00f18fb6b3ea?w=800""]",,2024-03-23,2026-08-19,,6,80078.00,"[""Lift"",""24/7 Security"",""Parking"",""Gym"",""Power Backup"",""Kids Play Area""]",,true,77.00,2,0,,,2025-11-09 08:19:56.79902+00,2025-11-09 08:19:56.799037+00,80,[],
63e8475a-bf8e-4315-b592-f6fb53261959,Grand Estate,grand-estate,"Experience luxury living at Grand Estate, a premium residential project in Pune. Featuring modern architecture, world-class amenities, and excellent connectivity.",residential,completed,"Plot No. 21, Sector 43, Pune",Pune,Maharashtra,476851,18.439472,73.834189,4461774.00,104,61,https://images.unsplash.com/photo-1600563438938-a650c6f43f20?w=800,"[""https://images.unsplash.com/photo-1600566753190-17f0baa2a6c3?w=800"",""https://images.unsplash.com/photo-1502672260266-1c1ef2d93688?w=800"",""https://images.unsplash.com/photo-1600573472550-8090b5e0745e?w=800"",""https://images.unsplash.com/photo-1600607687939-ce8a6c25118c?w=800"",""https://images.unsplash.com/photo-1600563438938-a650c6f43f20?w=800""]",,2025-06-03,2027-04-25,,11,152250.00,"[""Tennis Court"",""Indoor Games"",""Landscaped Gardens"",""Library"",""Jogging Track"",""Power Backup"",""Swimming Pool"",""Spa"",""Kids Play Area"",""Parking"",""Sauna""]",,false,95.76,201,0,,,2025-11-09 08:13:38.762859+00,2025-11-09 08:13:38.762889+00,77,[],
644dc468-f624-4542-8ab9-1ab4ab185633,Borivali Park,borivali-park,"Experience luxury living at Borivali Park, a premium residential project in Mumbai. Featuring modern architecture, world-class amenities, and excellent connectivity.",residential,completed,"Plot No. 22, Sector 19, Mumbai",Mumbai,Maharashtra,402104,19.010676,72.891916,15373828.00,299,175,https://images.unsplash.com/photo-1600210492493-0946911123ea?w=800,"[""https://images.unsplash.com/photo-1600563438938-a650c6f43f20?w=800"",""https://images.unsplash.com/photo-1600607687644-c7171b42498b?w=800"",""https://images.unsplash.com/photo-1600566753086-00f18fb6b3ea?w=800""]",,2025-09-18,2028-02-01,,29,336076.00,"[""Sauna"",""Spa"",""Security"",""Amphitheater"",""Clubhouse"",""Gym"",""Swimming Pool"",""Indoor Games"",""Squash Court"",""Yoga Room""]",,false,84.38,15,0,,,2025-11-09 08:13:27.105925+00,2025-11-09 08:13:27.105961+00,79,[],
6af73042-a4cd-4323-8e14-dbef3ecbef76,Rohini Park,rohini-park,"Experience luxury living at Rohini Park, a premium residential project in Delhi. Featuring modern architecture, world-class amenities, and excellent connectivity.",residential,completed,"Plot No. 76, Sector 25, Delhi",Delhi,Delhi,412643,28.690563,77.143773,14279898.00,268,180,https://images.unsplash.com/photo-1600566753190-17f0baa2a6c3?w=800,"[""https://images.unsplash.com/photo-1600585154340-be6161a56a0c?w=800"",""https://images.unsplash.com/photo-1600210492493-0946911123ea?w=800"",""https://images.unsplash.com/photo-1600566753190-17f0baa2a6c3?w=800""]",,2025-08-14,2027-09-26,,28,319992.00,"[""Yoga Room"",""Spa"",""Gym"",""Squash Court"",""Library"",""Security"",""Basketball Court"",""Landscaped Gardens"",""Power Backup"",""Sauna"",""Jogging Track"",""Party Hall""]",,false,77.97,77,0,,,2025-11-09 08:13:52.298674+00,2025-11-09 08:13:52.298698+00,74,[],
6f07500e-3f01-4059-b096-f79656fbe0f9,Heritage Apartments Phase 12,heritage-apartments-phase-12-64,"Heritage Apartments Phase 12 offers premium living with modern amenities in Electronic City, Bangalore. Experience luxury and comfort at its best.",residential,ongoing,"Plot No. 111, Sector 23, Electronic City, Bangalore",Bangalore,Karnataka,541226,12.945118,77.563823,5457311.00,7,7,https://images.unsplash.com/photo-1600573472591-ee6b68d14c68?w=800,"[""https://images.unsplash.com/photo-1600563438938-a650c6f43f20?w=800"",""https://images.unsplash.com/photo-1613977257363-707ba9348227?w=800"",""https://images.unsplash.com/photo-1600573472591-ee6b68d14c68?w=800"",""https://images.unsplash.com/photo-1600566753086-00f18fb6b3ea?w=800"",""https://images.unsplash.com/photo-1600573472550-8090b5e0745e?w=800""]",,2025-07-11,2026-10-29,,7,76390.00,"[""Lift"",""Swimming Pool"",""Kids Play Area"",""Power Backup"",""Parking"",""Landscaped Gardens"",""Gym"",""Clubhouse""]",,true,82.00,0,0,,,2025-11-09 08:19:47.900601+00,2025-11-09 08:19:47.900623+00,72,[],
71d1304f-751b-4e54-995a-a9758479ca9c,Dwarka Villa,dwarka-villa,"Experience luxury living at Dwarka Villa, a premium residential project in Delhi. Featuring modern architecture, world-class amenities, and excellent connectivity.",residential,completed,"Plot No. 16, Sector 48, Delhi",Delhi,Delhi,444898,28.784146,77.082146,14368314.00,66,33,https://images.unsplash.com/photo-1545324418-cc1a3fa10c00?w=800,"[""https://images.unsplash.com/photo-1600596542815-ffad4c1539a9?w=800"",""https://images.unsplash.com/photo-1600563438938-a650c6f43f20?w=800"",""https://images.unsplash.com/photo-1600566753190-17f0baa2a6c3?w=800"",""https://images.unsplash.com/photo-1600585154340-be6161a56a0c?w=800""]",,2024-07-12,2026-02-17,,26,81396.00,"[""Parking"",""Kids Play Area"",""Gym"",""Landscaped Gardens"",""Sauna"",""Clubhouse""]",,true,70.58,487,0,,,2025-11-09 08:13:51.476182+00,2025-11-09 08:13:51.476213+00,74,[],
7273adac-5ce6-45f3-a3bf-04af30c2a862,Malad Greens,malad-greens,"Experience luxury living at Malad Greens, a premium residential project in Mumbai. Featuring modern architecture, world-class amenities, and excellent connectivity.",residential,completed,"Plot No. 64, Sector 39, Mumbai",Mumbai,Maharashtra,410349,19.060035,72.813900,8296133.00,216,120,https://images.unsplash.com/photo-1600596542815-ffad4c1539a9?w=800,"[""https://images.unsplash.com/photo-1600573472591-ee6b68d14c68?w=800"",""https://images.unsplash.com/photo-1600566753190-17f0baa2a6c3?w=800"",""https://images.unsplash.com/photo-1600563438938-a650c6f43f20?w=800"",""https://images.unsplash.com/photo-1600210492493-0946911123ea?w=800""]",,2024-06-10,2025-08-24,,29,254975.00,"[""Kids Play Area"",""Clubhouse"",""Parking"",""Security"",""Jogging Track"",""Amphitheater"",""Sauna"",""Tennis Court""]",,false,75.26,293,0,,,2025-11-09 08:13:24.204681+00,2025-11-09 08:13:24.204704+00,80,[],
75508490-5768-43b8-91cd-189b56a9835f,Aundh Towers,aundh-towers,"Experience luxury living at Aundh Towers, a premium residential project in Pune. Featuring modern architecture, world-class amenities, and excellent connectivity.",residential,upcoming,"Plot No. 54, Sector 32, Pune",Pune,Maharashtra,446854,18.495797,73.792567,5499060.00,169,98,https://images.unsplash.com/photo-1600573472550-8090b5e0745e?w=800,"[""https://images.unsplash.com/photo-1600585154526-990dced4db0d?w=800"",""https://images.unsplash.com/photo-1600607687939-ce8a6c25118c?w=800"",""https://images.unsplash.com/photo-1600596542815-ffad4c1539a9?w=800"",""https://images.unsplash.com/photo-1600607687644-c7171b42498b?w=800""]",,2024-07-14,2026-02-07,,20,152438.00,"[""Landscaped Gardens"",""Party Hall"",""Basketball Court"",""Amphitheater"",""Power Backup"",""Swimming Pool"",""Clubhouse"",""Kids Play Area"",""Sauna"",""Tennis Court"",""Library""]",,true,86.08,19,0,,,2025-11-09 08:13:37.916623+00,2025-11-09 08:13:37.916657+00,77,[],
7580745b-a5df-4c22-a23b-ab1d5ccab605,Bangalore Serenity Residency,bangalore-serenity-residency,"Experience luxury living at Bangalore Serenity Residency, a premium residential project in Bangalore. Featuring modern architecture, world-class amenities, and excellent connectivity.",residential,ongoing,"Plot No. 24, Sector 29, Bangalore",Bangalore,Karnataka,480792,13.064898,77.501494,6456547.00,84,48,https://images.unsplash.com/photo-1600047509807-ba8f99d2cdde?w=800,"[""https://images.unsplash.com/photo-1600585154526-990dced4db0d?w=800"",""https://images.unsplash.com/photo-1600607687644-c7171b42498b?w=800"",""https://images.unsplash.com/photo-1502672260266-1c1ef2d93688?w=800"",""https://images.unsplash.com/photo-1600596542815-ffad4c1539a9?w=800"",""https://images.unsplash.com/photo-1600563438938-a650c6f43f20?w=800""]",,2024-11-25,2026-01-02,,23,117555.00,"[""Swimming Pool"",""Gym"",""Yoga Room"",""Jogging Track"",""Clubhouse"",""Landscaped Gardens"",""Sauna""]",,true,55.02,165,0,,,2025-11-09 08:13:49.677863+00,2025-11-09 08:13:49.677891+00,75,[],
7773bbcc-8cc5-4386-97cf-611734f096f9,Noida Vista,noida-vista,"Experience luxury living at Noida Vista, a premium residential project in Delhi. Featuring modern architecture, world-class amenities, and excellent connectivity.",residential,completed,"Plot No. 58, Sector 45, Delhi",Delhi,Delhi,420302,28.718927,77.152932,13153742.00,180,106,https://images.unsplash.com/photo-1512917774080-9991f1c4c750?w=800,"[""https://images.unsplash.com/photo-1502672260266-1c1ef2d93688?w=800"",""https://images.unsplash.com/photo-1600566753086-00f18fb6b3ea?w=800"",""https://images.unsplash.com/photo-1600607687644-c7171b42498b?w=800"",""https://images.unsplash.com/photo-1600607687920-4e2a09cf159d?w=800"",""https://images.unsplash.com/photo-1600573472550-8090b5e0745e?w=800""]",,2024-02-03,2026-07-26,,27,247702.00,"[""Swimming Pool"",""Parking"",""Squash Court"",""Yoga Room"",""Spa"",""Kids Play Area"",""Landscaped Gardens"",""Security"",""Party Hall""]",,true,77.74,416,0,,,2025-11-09 08:13:55.249372+00,2025-11-09 08:13:55.249398+00,74,[],
7a508ab7-e90d-4efe-b653-4fcfcb1449f4,Grand Residency Phase 13,grand-residency-phase-13-65,"Grand Residency Phase 13 offers premium living with modern amenities in Electronic City, Bangalore. Experience luxury and comfort at its best.",residential,ongoing,"Plot No. 112, Sector 14, Electronic City, Bangalore",Bangalore,Karnataka,510467,12.990025,77.633443,7001438.00,8,8,https://images.unsplash.com/photo-1600596542815-ffad4c1539a9?w=800,"[""https://images.unsplash.com/photo-1600607687920-4e2a09cf159d?w=800"",""https://images.unsplash.com/photo-1600607687939-ce8a6c25118c?w=800"",""https://images.unsplash.com/photo-1502672260266-1c1ef2d93688?w=800""]",,2024-08-29,2027-08-10,,8,72495.00,"[""Landscaped Gardens"",""Clubhouse"",""Swimming Pool"",""Lift"",""Gym""]",,true,88.00,0,0,,,2025-11-09 08:19:48.978886+00,2025-11-09 08:19:48.978907+00,73,[],
7bc10bfa-5459-4c4f-b159-37db69524ffc,Paradise Towers Phase 8,paradise-towers-phase-8-60,"Paradise Towers Phase 8 offers premium living with modern amenities in Vasant Kunj, Delhi. Experience luxury and comfort at its best.",residential,ongoing,"Plot No. 107, Sector 9, Vasant Kunj, Delhi",Delhi,Delhi,431538,28.691992,77.117166,4834078.00,5,5,https://images.unsplash.com/photo-1600566753086-00f18fb6b3ea?w=800,"[""https://images.unsplash.com/photo-1600563438938-a650c6f43f20?w=800"",""https://images.unsplash.com/photo-1599809275671-b5942cabc7a2?w=800"",""https://images.unsplash.com/photo-1600607687644-c7171b42498b?w=800"",""https://images.unsplash.com/photo-1600047509807-ba8f99d2cdde?w=800""]",,2025-04-02,2027-11-30,,5,80127.00,"[""Kids Play Area"",""Power Backup"",""Lift"",""Clubhouse"",""Landscaped Gardens""]",,true,95.00,0,0,,,2025-11-09 08:19:43.988642+00,2025-11-09 08:19:43.988666+00,78,[],
8b65e2c1-1cec-41e1-beff-827968d6d38d,Koramangala Retreat,koramangala-retreat,"Experience luxury living at Koramangala Retreat, a premium residential project in Bangalore. Featuring modern architecture, world-class amenities, and excellent connectivity.",residential,completed,"Plot No. 88, Sector 7, Bangalore",Bangalore,Karnataka,490577,12.901141,77.601177,11613941.00,210,131,https://images.unsplash.com/photo-1600607687644-c7171b42498b?w=800,"[""https://images.unsplash.com/photo-1600607687920-4e2a09cf159d?w=800"",""https://images.unsplash.com/photo-1599809275671-b5942cabc7a2?w=800"",""https://images.unsplash.com/photo-1600566753086-00f18fb6b3ea?w=800"",""https://images.unsplash.com/photo-1600047509807-ba8f99d2cdde?w=800"",""https://images.unsplash.com/photo-1600607687644-c7171b42498b?w=800""]",,2024-08-23,2027-04-28,,22,248430.00,"[""Security"",""Yoga Room"",""Gym"",""Landscaped Gardens"",""Party Hall"",""Spa"",""Parking""]",,false,97.04,405,0,,,2025-11-09 08:13:43.49942+00,2025-11-09 08:13:43.499452+00,76,[],
8beb1548-0865-47b8-9848-ad300fc15dbe,Luxury Gardens Phase 1,luxury-gardens-phase-1-53,"Luxury Gardens Phase 1 offers premium living with modern amenities in Aundh, Pune. Experience luxury and comfort at its best.",residential,ongoing,"Plot No. 100, Sector 38, Aundh, Pune",Pune,Maharashtra,414609,18.515572,73.839937,6614315.00,6,6,https://images.unsplash.com/photo-1600607687939-ce8a6c25118c?w=800,"[""https://images.unsplash.com/photo-1600573472591-ee6b68d14c68?w=800"",""https://images.unsplash.com/photo-1600596542815-ffad4c1539a9?w=800"",""https://images.unsplash.com/photo-1600566753190-17f0baa2a6c3?w=800"",""https://images.unsplash.com/photo-1600585154526-990dced4db0d?w=800"",""https://images.unsplash.com/photo-1502672260266-1c1ef2d93688?w=800""]",,2024-12-08,2027-05-27,,6,81492.00,"[""Clubhouse"",""24/7 Security"",""Landscaped Gardens"",""Parking"",""Kids Play Area"",""Lift""]",,true,83.00,1,0,,,2025-11-09 08:19:36.579968+00,2025-11-09 08:19:36.579995+00,71,[],
8c05b951-a639-4b1e-b8be-26c9b76e5bdc,HSR Layout Plaza,hsr-layout-plaza,"Experience luxury living at HSR Layout Plaza, a premium residential project in Bangalore. Featuring modern architecture, world-class amenities, and excellent connectivity.",residential,completed,"Plot No. 49, Sector 50, Bangalore",Bangalore,Karnataka,492770,12.927842,77.650595,14717744.00,68,41,https://images.unsplash.com/photo-1600596542815-ffad4c1539a9?w=800,"[""https://images.unsplash.com/photo-1600566753086-00f18fb6b3ea?w=800"",""https://images.unsplash.com/photo-1600573472591-ee6b68d14c68?w=800"",""https://images.unsplash.com/photo-1600573472550-8090b5e0745e?w=800""]",,2024-08-30,2027-03-20,,27,67660.00,"[""Basketball Court"",""Clubhouse"",""Gym"",""Sauna"",""Swimming Pool"",""Parking"",""Jogging Track"",""Security"",""Squash Court""]",,true,88.00,8,0,,,2025-11-09 08:13:45.458925+00,2025-11-09 08:13:45.458959+00,76,[],
8ce740a9-4233-40bc-91ec-2aabc3829638,Thane Park,thane-park,"Experience luxury living at Thane Park, a premium residential project in Mumbai. Featuring modern architecture, world-class amenities, and excellent connectivity.",residential,ongoing,"Plot No. 62, Sector 40, Mumbai",Mumbai,Maharashtra,466795,19.001071,72.963182,10169806.00,225,136,https://images.unsplash.com/photo-1599809275671-b5942cabc7a2?w=800,"[""https://images.unsplash.com/photo-1600047509807-ba8f99d2cdde?w=800"",""https://images.unsplash.com/photo-1600585154526-990dced4db0d?w=800"",""https://images.unsplash.com/photo-1599809275671-b5942cabc7a2?w=800"",""https://images.unsplash.com/photo-1600585154340-be6161a56a0c?w=800"",""https://images.unsplash.com/photo-1600596542815-ffad4c1539a9?w=800""]",,2025-06-26,2027-06-30,,17,234450.00,"[""Parking"",""Library"",""Landscaped Gardens"",""Gym"",""Indoor Games"",""Spa"",""Jogging Track"",""Yoga Room"",""Clubhouse"",""Squash Court""]",,true,84.06,6,0,,,2025-11-09 08:13:28.637474+00,2025-11-09 08:13:28.637514+00,79,[],
8d4583f9-cfaf-4dc2-a274-248615de0096,Divine Square,divine-square,"Experience luxury living at Divine Square, a premium residential project in Delhi. Featuring modern architecture, world-class amenities, and excellent connectivity.",residential,completed,"Plot No. 86, Sector 15, Delhi",Delhi,Delhi,429593,28.609438,77.198981,7450616.00,228,137,https://images.unsplash.com/photo-1600573472550-8090b5e0745e?w=800,"[""https://images.unsplash.com/photo-1600607687644-c7171b42498b?w=800"",""https://images.unsplash.com/photo-1600563438938-a650c6f43f20?w=800"",""https://images.unsplash.com/photo-1600607687939-ce8a6c25118c?w=800"",""https://images.unsplash.com/photo-1600566753190-17f0baa2a6c3?w=800"",""https://images.unsplash.com/photo-1502672260266-1c1ef2d93688?w=800""]",,2024-07-30,2025-09-08,,23,302556.00,"[""Kids Play Area"",""Party Hall"",""Basketball Court"",""Gym"",""Yoga Room"",""Tennis Court"",""Indoor Games"",""Amphitheater"",""Swimming Pool"",""Landscaped Gardens"",""Sauna""]",,false,50.60,13,0,,,2025-11-09 08:13:57.225368+00,2025-11-09 08:13:57.2254+00,73,[],
8f11825b-6f81-4ab3-a416-913721ecb13d,Paradise Gardens,paradise-gardens,"Experience luxury living at Paradise Gardens, a premium residential project in Mumbai. Featuring modern architecture, world-class amenities, and excellent connectivity.",residential,completed,"Plot No. 55, Sector 27, Mumbai",Mumbai,Maharashtra,445038,19.050563,72.857278,8027526.00,217,128,https://images.unsplash.com/photo-1564013799919-ab600027ffc6?w=800,"[""https://images.unsplash.com/photo-1600047509807-ba8f99d2cdde?w=800"",""https://images.unsplash.com/photo-1599809275671-b5942cabc7a2?w=800"",""https://images.unsplash.com/photo-1613977257363-707ba9348227?w=800"",""https://images.unsplash.com/photo-1600607687920-4e2a09cf159d?w=800"",""https://images.unsplash.com/photo-1502672260266-1c1ef2d93688?w=800""]",,2024-05-02,2027-03-23,,24,280798.00,"[""Basketball Court"",""Kids Play Area"",""Parking"",""Power Backup"",""Tennis Court"",""Indoor Games"",""Security"",""Jogging Track"",""Library"",""Spa"",""Gym"",""Landscaped Gardens""]",,true,73.06,233,0,,,2025-11-09 08:13:30.896972+00,2025-11-09 08:13:30.896984+00,79,[],
9609d7ec-7168-4231-9612-4a00c67fc86f,Peaceful Villa,peaceful-villa,"Experience luxury living at Peaceful Villa, a premium residential project in Bangalore. Featuring modern architecture, world-class amenities, and excellent connectivity.",residential,ongoing,"Plot No. 32, Sector 3, Bangalore",Bangalore,Karnataka,488300,12.874241,77.550876,10490104.00,146,83,https://images.unsplash.com/photo-1564013799919-ab600027ffc6?w=800,"[""https://images.unsplash.com/photo-1599809275671-b5942cabc7a2?w=800"",""https://images.unsplash.com/photo-1600047509807-ba8f99d2cdde?w=800"",""https://images.unsplash.com/photo-1600573472550-8090b5e0745e?w=800""]",,2025-10-28,2026-11-16,,23,134904.00,"[""Party Hall"",""Tennis Court"",""Basketball Court"",""Amphitheater"",""Landscaped Gardens"",""Squash Court"",""Power Backup"",""Jogging Track""]",,false,90.91,500,0,,,2025-11-09 08:13:50.503889+00,2025-11-09 08:13:50.50392+00,75,[],
a20907ad-3c59-46d4-9675-7dbdbcabb6c0,Green Valley Park Phase 1,green-valley-park-phase-1-52,"Green Valley Park Phase 1 offers premium living with modern amenities in Malad, Mumbai. Experience luxury and comfort at its best.",residential,ongoing,"Plot No. 100, Sector 31, Malad, Mumbai",Mumbai,Maharashtra,510437,19.044728,72.867349,7033104.00,4,4,https://images.unsplash.com/photo-1600566753190-17f0baa2a6c3?w=800,"[""https://images.unsplash.com/photo-1600596542815-ffad4c1539a9?w=800"",""https://images.unsplash.com/photo-1600566753086-00f18fb6b3ea?w=800"",""https://images.unsplash.com/photo-1600607687939-ce8a6c25118c?w=800"",""https://images.unsplash.com/photo-1600210492493-0946911123ea?w=800"",""https://images.unsplash.com/photo-1600573472550-8090b5e0745e?w=800""]",,2025-04-12,2027-12-07,,4,72128.00,"[""Swimming Pool"",""Landscaped Gardens"",""Power Backup"",""Lift"",""Gym"",""24/7 Security"",""Clubhouse"",""Parking""]",,true,75.00,6,0,,,2025-11-09 08:18:49.567067+00,2025-11-09 08:18:49.567089+00,71,[],
a8ad6cb8-7bcf-4704-9875-0817fbfff069,Metro Homes Phase 5,metro-homes-phase-5-57,"Metro Homes Phase 5 offers premium living with modern amenities in Aundh, Pune. Experience luxury and comfort at its best.",residential,completed,"Plot No. 104, Sector 23, Aundh, Pune",Pune,Maharashtra,498266,18.512756,73.826029,4425646.00,4,4,https://images.unsplash.com/photo-1600573472550-8090b5e0745e?w=800,"[""https://images.unsplash.com/photo-1600573472550-8090b5e0745e?w=800"",""https://images.unsplash.com/photo-1600573472591-ee6b68d14c68?w=800"",""https://images.unsplash.com/photo-1613977257363-707ba9348227?w=800""]",,2024-05-05,2026-09-24,,4,182763.00,"[""Lift"",""Landscaped Gardens"",""Clubhouse"",""Power Backup"",""Swimming Pool"",""Gym""]",,true,84.00,0,0,,,2025-11-09 08:19:41.032615+00,2025-11-09 08:19:41.03263+00,75,[],
aa36bee9-12fe-48fa-8090-e6f6eff263f1,Hyderabad Paradise Estate,hyderabad-paradise-estate,"Experience luxury living at Hyderabad Paradise Estate, a premium residential project in Hyderabad. Featuring modern architecture, world-class amenities, and excellent connectivity.",residential,upcoming,"Plot No. 99, Sector 31, Hyderabad",Hyderabad,Telangana,429977,17.383514,78.519186,7321732.00,219,136,https://images.unsplash.com/photo-1600047509807-ba8f99d2cdde?w=800,"[""https://images.unsplash.com/photo-1600607687644-c7171b42498b?w=800"",""https://images.unsplash.com/photo-1600573472550-8090b5e0745e?w=800"",""https://images.unsplash.com/photo-1600047509807-ba8f99d2cdde?w=800"",""https://images.unsplash.com/photo-1600210492493-0946911123ea?w=800""]",,2024-02-02,2025-05-17,,17,176952.00,"[""Party Hall"",""Yoga Room"",""Security"",""Jogging Track"",""Squash Court"",""Clubhouse"",""Spa"",""Swimming Pool"",""Sauna"",""Tennis Court"",""Parking""]",,false,73.60,287,0,,,2025-11-09 08:14:08.879345+00,2025-11-09 08:14:08.879376+00,71,[],
ab8d1e9b-c83c-44bd-81e7-321b4495fc18,Diamond Villa,diamond-villa,"Experience luxury living at Diamond Villa, a premium residential project in Bangalore. Featuring modern architecture, world-class amenities, and excellent connectivity.",residential,ongoing,"Plot No. 82, Sector 16, Bangalore",Bangalore,Karnataka,499944,12.877054,77.587204,12191306.00,237,140,https://images.unsplash.com/photo-1600210492493-0946911123ea?w=800,"[""https://images.unsplash.com/photo-1600573472550-8090b5e0745e?w=800"",""https://images.unsplash.com/photo-1600596542815-ffad4c1539a9?w=800"",""https://images.unsplash.com/photo-1600585154340-be6161a56a0c?w=800"",""https://images.unsplash.com/photo-1502672260266-1c1ef2d93688?w=800""]",,2025-09-09,2026-10-08,,21,214248.00,"[""Parking"",""Basketball Court"",""Squash Court"",""Indoor Games"",""Swimming Pool"",""Gym"",""Spa"",""Library""]",,true,62.22,120,0,,,2025-11-09 08:13:47.409723+00,2025-11-09 08:13:47.409747+00,75,[],
af3fb2c1-8d89-4291-95d8-51a3524b1e3c,Premium Towers Phase 2,premium-towers-phase-2-54,"Premium Towers Phase 2 offers premium living with modern amenities in Vasant Kunj, Delhi. Experience luxury and comfort at its best.",residential,completed,"Plot No. 101, Sector 12, Vasant Kunj, Delhi",Delhi,Delhi,496373,28.654172,77.116640,4913889.00,8,8,https://images.unsplash.com/photo-1600585154340-be6161a56a0c?w=800,"[""https://images.unsplash.com/photo-1600607687939-ce8a6c25118c?w=800"",""https://images.unsplash.com/photo-1502672260266-1c1ef2d93688?w=800"",""https://images.unsplash.com/photo-1600607687920-4e2a09cf159d?w=800"",""https://images.unsplash.com/photo-1599809275671-b5942cabc7a2?w=800""]",,2025-02-28,2026-10-12,,8,190945.00,"[""Lift"",""Gym"",""24/7 Security"",""Swimming Pool"",""Power Backup"",""Kids Play Area"",""Parking"",""Clubhouse""]",,true,79.00,0,0,,,2025-11-09 08:19:37.529534+00,2025-11-09 08:19:37.529555+00,72,[],
b8e3d11b-8fb9-4776-a4ac-4439a3693388,Luxury Towers Phase 9,luxury-towers-phase-9-61,"Luxury Towers Phase 9 offers premium living with modern amenities in Andheri, Mumbai. Experience luxury and comfort at its best.",residential,completed,"Plot No. 108, Sector 11, Andheri, Mumbai",Mumbai,Maharashtra,452570,19.080389,72.854794,6513920.00,7,7,https://images.unsplash.com/photo-1613977257363-707ba9348227?w=800,"[""https://images.unsplash.com/photo-1600585154340-be6161a56a0c?w=800"",""https://images.unsplash.com/photo-1600573472550-8090b5e0745e?w=800"",""https://images.unsplash.com/photo-1600563438938-a650c6f43f20?w=800"",""https://images.unsplash.com/photo-1600047509807-ba8f99d2cdde?w=800""]",,2025-02-01,2027-03-30,,7,81129.00,"[""24/7 Security"",""Clubhouse"",""Kids Play Area"",""Power Backup"",""Swimming Pool"",""Gym"",""Lift""]",,true,94.00,0,0,,,2025-11-09 08:19:44.797267+00,2025-11-09 08:19:44.797293+00,79,[],
ba548af6-5148-456a-bb55-1c435e401e74,Vasant Vihar Villa,vasant-vihar-villa,"Experience luxury living at Vasant Vihar Villa, a premium residential project in Delhi. Featuring modern architecture, world-class amenities, and excellent connectivity.",residential,completed,"Plot No. 40, Sector 23, Delhi",Delhi,Delhi,464066,28.624944,77.054945,13097108.00,110,67,https://images.unsplash.com/photo-1600607687939-ce8a6c25118c?w=800,"[""https://images.unsplash.com/photo-1600607687644-c7171b42498b?w=800"",""https://images.unsplash.com/photo-1600573472591-ee6b68d14c68?w=800"",""https://images.unsplash.com/photo-1600047509807-ba8f99d2cdde?w=800""]",,2024-06-22,2026-12-31,,16,163240.00,"[""Kids Play Area"",""Tennis Court"",""Security"",""Gym"",""Amphitheater"",""Jogging Track""]",,false,74.30,190,0,,,2025-11-09 08:13:53.43436+00,2025-11-09 08:13:53.434394+00,74,[],
c0a49a65-df05-487d-bd8e-62870991fe15,Jubilee Hills Plaza,jubilee-hills-plaza,"Experience luxury living at Jubilee Hills Plaza, a premium residential project in Hyderabad. Featuring modern architecture, world-class amenities, and excellent connectivity.",residential,completed,"Plot No. 90, Sector 39, Hyderabad",Hyderabad,Telangana,463973,17.300917,78.551116,5062254.00,60,29,https://images.unsplash.com/photo-1600573472591-ee6b68d14c68?w=800,"[""https://images.unsplash.com/photo-1600573472591-ee6b68d14c68?w=800"",""https://images.unsplash.com/photo-1599809275671-b5942cabc7a2?w=800"",""https://images.unsplash.com/photo-1600607687939-ce8a6c25118c?w=800""]",,2025-10-11,2027-01-22,,17,90830.00,"[""Security"",""Sauna"",""Library"",""Swimming Pool"",""Yoga Room"",""Gym"",""Jogging Track"",""Amphitheater"",""Parking"",""Clubhouse""]",,true,77.49,59,0,,,2025-11-09 08:14:04.153216+00,2025-11-09 08:14:04.153243+00,72,[],
c0dd24a2-81af-4ead-869d-b07832d7319a,Luxury Residency Phase 23,luxury-residency-phase-23-75,"Luxury Residency Phase 23 offers premium living with modern amenities in Baner, Pune. Experience luxury and comfort at its best.",residential,ongoing,"Plot No. 122, Sector 25, Baner, Pune",Pune,Maharashtra,451132,18.533642,73.886020,4463905.00,4,4,https://images.unsplash.com/photo-1512917774080-9991f1c4c750?w=800,"[""https://images.unsplash.com/photo-1600566753190-17f0baa2a6c3?w=800"",""https://images.unsplash.com/photo-1600566753086-00f18fb6b3ea?w=800"",""https://images.unsplash.com/photo-1600573472550-8090b5e0745e?w=800"",""https://images.unsplash.com/photo-1600596542815-ffad4c1539a9?w=800""]",,2024-06-08,2027-04-09,,4,81811.00,"[""Clubhouse"",""Lift"",""Parking"",""Landscaped Gardens"",""24/7 Security"",""Kids Play Area"",""Gym""]",,true,91.00,22,0,,,2025-11-09 08:19:59.900241+00,2025-11-09 08:19:59.900262+00,73,[],
cb374a47-82f4-4187-95a9-dc7f161935ee,Metro Enclave Phase 17,metro-enclave-phase-17-69,"Metro Enclave Phase 17 offers premium living with modern amenities in Electronic City, Bangalore. Experience luxury and comfort at its best.",residential,completed,"Plot No. 116, Sector 34, Electronic City, Bangalore",Bangalore,Karnataka,455790,13.019034,77.567092,6125691.00,9,9,https://images.unsplash.com/photo-1600047509807-ba8f99d2cdde?w=800,"[""https://images.unsplash.com/photo-1600047509807-ba8f99d2cdde?w=800"",""https://images.unsplash.com/photo-1600607687939-ce8a6c25118c?w=800"",""https://images.unsplash.com/photo-1600573472591-ee6b68d14c68?w=800"",""https://images.unsplash.com/photo-1600607687920-4e2a09cf159d?w=800"",""https://images.unsplash.com/photo-1613977257363-707ba9348227?w=800""]",,2024-08-22,2027-04-09,,9,54523.00,"[""Swimming Pool"",""Gym"",""Lift"",""Landscaped Gardens"",""Power Backup"",""Kids Play Area"",""Parking""]",,true,77.00,0,0,,,2025-11-09 08:19:53.419463+00,2025-11-09 08:19:53.419488+00,77,[],
cb60c315-49f1-4388-80b8-23cd136b4eaa,Premium Homes,premium-homes,"Experience luxury living at Premium Homes, a premium residential project in Mumbai. Featuring modern architecture, world-class amenities, and excellent connectivity.",residential,ongoing,"Plot No. 3, Sector 28, Mumbai",Mumbai,Maharashtra,470492,19.052540,72.869089,13980539.00,258,156,https://images.unsplash.com/photo-1600047509807-ba8f99d2cdde?w=800,"[""https://images.unsplash.com/photo-1600573472591-ee6b68d14c68?w=800"",""https://images.unsplash.com/photo-1600566753190-17f0baa2a6c3?w=800"",""https://images.unsplash.com/photo-1600585154526-990dced4db0d?w=800"",""https://images.unsplash.com/photo-1600210492493-0946911123ea?w=800"",""https://images.unsplash.com/photo-1600573472550-8090b5e0745e?w=800""]",,2024-11-14,2026-03-08,,19,256452.00,"[""Swimming Pool"",""Gym"",""Spa"",""Landscaped Gardens"",""Yoga Room"",""Indoor Games"",""Party Hall"",""Sauna"",""Jogging Track"",""Power Backup"",""Amphitheater"",""Library""]",,true,89.44,165,0,,,2025-11-09 08:13:29.755673+00,2025-11-09 08:13:29.755707+00,79,[],
ccb5cec1-67c1-445c-8f6e-3c9c76f32971,Metro Gardens Phase 21,metro-gardens-phase-21-73,"Metro Gardens Phase 21 offers premium living with modern amenities in HSR Layout, Bangalore. Experience luxury and comfort at its best.",residential,upcoming,"Plot No. 120, Sector 50, HSR Layout, Bangalore",Bangalore,Karnataka,480254,12.957334,77.602331,7038336.00,9,9,https://images.unsplash.com/photo-1600607687939-ce8a6c25118c?w=800,"[""https://images.unsplash.com/photo-1600596542815-ffad4c1539a9?w=800"",""https://images.unsplash.com/photo-1600607687920-4e2a09cf159d?w=800"",""https://images.unsplash.com/photo-1600607687939-ce8a6c25118c?w=800""]",,2024-03-23,2026-06-10,,9,171435.00,"[""Kids Play Area"",""Power Backup"",""Lift"",""24/7 Security"",""Gym"",""Clubhouse""]",,true,90.00,58,0,,,2025-11-09 08:19:57.744079+00,2025-11-09 08:19:57.744103+00,71,[],
cd8768f6-cf22-4367-9234-6cc200f21c73,Paradise Gardens Phase 7,paradise-gardens-phase-7-59,"Paradise Gardens Phase 7 offers premium living with modern amenities in Saket, Delhi. Experience luxury and comfort at its best.",residential,ongoing,"Plot No. 106, Sector 42, Saket, Delhi",Delhi,Delhi,545522,28.672805,77.107398,6323346.00,6,6,https://images.unsplash.com/photo-1600607687920-4e2a09cf159d?w=800,"[""https://images.unsplash.com/photo-1600607687644-c7171b42498b?w=800"",""https://images.unsplash.com/photo-1600607687920-4e2a09cf159d?w=800"",""https://images.unsplash.com/photo-1600573472591-ee6b68d14c68?w=800"",""https://images.unsplash.com/photo-1502672260266-1c1ef2d93688?w=800""]",,2024-06-24,2027-10-27,,6,97483.00,"[""Power Backup"",""Landscaped Gardens"",""Parking"",""Kids Play Area"",""Lift"",""Clubhouse"",""24/7 Security"",""Gym""]",,true,80.00,0,0,,,2025-11-09 08:19:43.046965+00,2025-11-09 08:19:43.046995+00,77,[],
ce96b194-eab2-420c-b932-77fc8249a42e,Gachibowli Vista,gachibowli-vista,"Experience luxury living at Gachibowli Vista, a premium residential project in Hyderabad. Featuring modern architecture, world-class amenities, and excellent connectivity.",residential,ongoing,"Plot No. 72, Sector 27, Hyderabad",Hyderabad,Telangana,476610,17.475844,78.574278,4080530.00,207,134,https://images.unsplash.com/photo-1613977257363-707ba9348227?w=800,"[""https://images.unsplash.com/photo-1600607687644-c7171b42498b?w=800"",""https://images.unsplash.com/photo-1600573472550-8090b5e0745e?w=800"",""https://images.unsplash.com/photo-1600607687939-ce8a6c25118c?w=800"",""https://images.unsplash.com/photo-1600047509807-ba8f99d2cdde?w=800"",""https://images.unsplash.com/photo-1600210492493-0946911123ea?w=800""]",,2024-11-02,2027-06-21,,5,236912.00,"[""Swimming Pool"",""Squash Court"",""Landscaped Gardens"",""Yoga Room"",""Parking"",""Kids Play Area"",""Power Backup"",""Tennis Court""]",,false,78.14,205,0,,,2025-11-09 08:14:01.044089+00,2025-11-09 08:14:01.044124+00,72,[],
d0f80d03-8535-4a45-865d-6da7ce53ed23,Hyderabad Tranquil Apartments,hyderabad-tranquil-apartments,"Experience luxury living at Hyderabad Tranquil Apartments, a premium residential project in Hyderabad. Featuring modern architecture, world-class amenities, and excellent connectivity.",residential,ongoing,"Plot No. 5, Sector 10, Hyderabad",Hyderabad,Telangana,476694,17.440695,78.528814,6342104.00,152,100,https://images.unsplash.com/photo-1599809275671-b5942cabc7a2?w=800,"[""https://images.unsplash.com/photo-1600607687939-ce8a6c25118c?w=800"",""https://images.unsplash.com/photo-1600596542815-ffad4c1539a9?w=800"",""https://images.unsplash.com/photo-1600047509807-ba8f99d2cdde?w=800"",""https://images.unsplash.com/photo-1600607687920-4e2a09cf159d?w=800"",""https://images.unsplash.com/photo-1600607687644-c7171b42498b?w=800""]",,2024-07-14,2026-01-28,,29,131784.00,"[""Gym"",""Kids Play Area"",""Clubhouse"",""Amphitheater"",""Power Backup"",""Tennis Court"",""Security"",""Spa"",""Jogging Track"",""Swimming Pool""]",,true,90.99,288,0,,,2025-11-09 08:14:07.906409+00,2025-11-09 08:14:07.906438+00,71,[],
d2ab3c99-c335-44c0-aacd-7878ee0d9ade,Andheri Court,andheri-court,"Experience luxury living at Andheri Court, a premium residential project in Mumbai. Featuring modern architecture, world-class amenities, and excellent connectivity.",residential,completed,"Plot No. 70, Sector 35, Mumbai",Mumbai,Maharashtra,458147,19.136286,72.826162,10052471.00,96,54,https://images.unsplash.com/photo-1613977257363-707ba9348227?w=800,"[""https://images.unsplash.com/photo-1600607687939-ce8a6c25118c?w=800"",""https://images.unsplash.com/photo-1600573472550-8090b5e0745e?w=800"",""https://images.unsplash.com/photo-1600566753190-17f0baa2a6c3?w=800"",""https://images.unsplash.com/photo-1600585154340-be6161a56a0c?w=800"",""https://images.unsplash.com/photo-1600607687920-4e2a09cf159d?w=800""]",,2024-06-19,2026-11-25,,24,115872.00,"[""Swimming Pool"",""Squash Court"",""Clubhouse"",""Sauna"",""Kids Play Area"",""Amphitheater"",""Landscaped Gardens"",""Spa"",""Library"",""Gym"",""Tennis Court"",""Yoga Room""]",,false,92.12,402,0,,,2025-11-09 08:13:19.495812+00,2025-11-09 08:13:19.495846+00,80,[],
d2b55c29-1ef8-41e2-8a2e-1ffacaf60e05,Viman Nagar Retreat,viman-nagar-retreat,"Experience luxury living at Viman Nagar Retreat, a premium residential project in Pune. Featuring modern architecture, world-class amenities, and excellent connectivity.",residential,upcoming,"Plot No. 48, Sector 15, Pune",Pune,Maharashtra,408140,18.544380,73.845718,11389695.00,258,159,https://images.unsplash.com/photo-1512917774080-9991f1c4c750?w=800,"[""https://images.unsplash.com/photo-1599809275671-b5942cabc7a2?w=800"",""https://images.unsplash.com/photo-1600607687920-4e2a09cf159d?w=800"",""https://images.unsplash.com/photo-1600210492493-0946911123ea?w=800"",""https://images.unsplash.com/photo-1600573472550-8090b5e0745e?w=800"",""https://images.unsplash.com/photo-1600607687939-ce8a6c25118c?w=800""]",,2025-04-05,2026-08-28,,30,227556.00,"[""Yoga Room"",""Squash Court"",""Party Hall"",""Jogging Track"",""Library"",""Spa""]",,true,78.14,42,0,,,2025-11-09 08:13:35.789727+00,2025-11-09 08:13:35.789761+00,78,[],
d9dffdb9-3678-4cf3-bb58-f759fb95856f,Saket Residency,saket-residency,"Experience luxury living at Saket Residency, a premium residential project in Delhi. Featuring modern architecture, world-class amenities, and excellent connectivity.",residential,upcoming,"Plot No. 8, Sector 48, Delhi",Delhi,Delhi,427774,28.705602,77.200857,17973350.00,174,112,https://images.unsplash.com/photo-1600585154340-be6161a56a0c?w=800,"[""https://images.unsplash.com/photo-1600607687939-ce8a6c25118c?w=800"",""https://images.unsplash.com/photo-1600585154526-990dced4db0d?w=800"",""https://images.unsplash.com/photo-1600596542815-ffad4c1539a9?w=800"",""https://images.unsplash.com/photo-1600566753190-17f0baa2a6c3?w=800"",""https://images.unsplash.com/photo-1600573472550-8090b5e0745e?w=800""]",,2024-04-17,2025-06-02,,12,159210.00,"[""Library"",""Security"",""Amphitheater"",""Basketball Court"",""Clubhouse"",""Kids Play Area"",""Spa"",""Tennis Court"",""Sauna"",""Party Hall""]",,true,58.13,110,0,,,2025-11-09 08:13:54.403463+00,2025-11-09 08:13:54.40349+00,74,[],
da42d773-d98a-4e03-858f-82a9fa51ca0d,Powai Villa,powai-villa,"Experience luxury living at Powai Villa, a premium residential project in Mumbai. Featuring modern architecture, world-class amenities, and excellent connectivity.",residential,completed,"Plot No. 54, Sector 29, Mumbai",Mumbai,Maharashtra,490000,19.005896,72.939478,11044825.00,48,32,https://images.unsplash.com/photo-1600585154526-990dced4db0d?w=800,"[""https://images.unsplash.com/photo-1600563438938-a650c6f43f20?w=800"",""https://images.unsplash.com/photo-1600047509807-ba8f99d2cdde?w=800"",""https://images.unsplash.com/photo-1600607687644-c7171b42498b?w=800""]",,2025-09-12,2027-10-27,,27,61800.00,"[""Indoor Games"",""Party Hall"",""Security"",""Yoga Room"",""Basketball Court"",""Library"",""Landscaped Gardens"",""Kids Play Area""]",,false,71.23,336,0,,,2025-11-09 08:13:20.325003+00,2025-11-09 08:13:20.325014+00,80,[],
e2a9b4a9-ce12-43ac-976c-eaed86910bf0,Hi-Tech City Retreat,hi-tech-city-retreat,"Experience luxury living at Hi-Tech City Retreat, a premium residential project in Hyderabad. Featuring modern architecture, world-class amenities, and excellent connectivity.",residential,upcoming,"Plot No. 90, Sector 33, Hyderabad",Hyderabad,Telangana,420761,17.433396,78.499773,4361721.00,213,127,https://images.unsplash.com/photo-1600585154526-990dced4db0d?w=800,"[""https://images.unsplash.com/photo-1600585154526-990dced4db0d?w=800"",""https://images.unsplash.com/photo-1502672260266-1c1ef2d93688?w=800"",""https://images.unsplash.com/photo-1600573472591-ee6b68d14c68?w=800"",""https://images.unsplash.com/photo-1600210492493-0946911123ea?w=800""]",,2025-06-20,2028-01-05,,30,291540.00,"[""Party Hall"",""Gym"",""Indoor Games"",""Kids Play Area"",""Sauna"",""Basketball Court"",""Security"",""Parking""]",,false,90.48,380,0,,,2025-11-09 08:14:02.171359+00,2025-11-09 08:14:02.171391+00,72,[],
e2fa2d9c-9baa-448b-b362-7871943314f1,Baner Greens,baner-greens,"Experience luxury living at Baner Greens, a premium residential project in Pune. Featuring modern architecture, world-class amenities, and excellent connectivity.",residential,upcoming,"Plot No. 22, Sector 25, Pune",Pune,Maharashtra,498476,18.616105,73.888618,9637803.00,230,136,https://images.unsplash.com/photo-1600566753190-17f0baa2a6c3?w=800,"[""https://images.unsplash.com/photo-1613977257363-707ba9348227?w=800"",""https://images.unsplash.com/photo-1600573472591-ee6b68d14c68?w=800"",""https://images.unsplash.com/photo-1599809275671-b5942cabc7a2?w=800"",""https://images.unsplash.com/photo-1600566753086-00f18fb6b3ea?w=800"",""https://images.unsplash.com/photo-1600596542815-ffad4c1539a9?w=800""]",,2024-04-02,2026-02-15,,9,280140.00,"[""Security"",""Amphitheater"",""Kids Play Area"",""Sauna"",""Indoor Games"",""Jogging Track""]",,true,80.16,139,0,,,2025-11-09 08:13:32.834947+00,2025-11-09 08:13:32.83498+00,78,[],
f00bdf22-f97d-4938-85e1-e743314fbb60,Banjara Hills Residency,banjara-hills-residency,"Experience luxury living at Banjara Hills Residency, a premium residential project in Hyderabad. Featuring modern architecture, world-class amenities, and excellent connectivity.",residential,upcoming,"Plot No. 89, Sector 39, Hyderabad",Hyderabad,Telangana,469838,17.320979,78.526053,4583331.00,206,131,https://images.unsplash.com/photo-1600607687644-c7171b42498b?w=800,"[""https://images.unsplash.com/photo-1600573472591-ee6b68d14c68?w=800"",""https://images.unsplash.com/photo-1600585154526-990dced4db0d?w=800"",""https://images.unsplash.com/photo-1600607687939-ce8a6c25118c?w=800"",""https://images.unsplash.com/photo-1600566753086-00f18fb6b3ea?w=800""]",,2025-09-02,2028-08-17,,13,304497.00,"[""Tennis Court"",""Swimming Pool"",""Power Backup"",""Clubhouse"",""Parking"",""Kids Play Area"",""Sauna"",""Basketball Court"",""Gym"",""Landscaped Gardens"",""Amphitheater"",""Library""]",,true,60.04,207,0,,,2025-11-09 08:14:03.164838+00,2025-11-09 08:14:03.164872+00,72,[],
f170f613-3385-4689-8417-c6671ab848db,Paradise Homes Phase 6,paradise-homes-phase-6-58,"Paradise Homes Phase 6 offers premium living with modern amenities in Bandra, Mumbai. Experience luxury and comfort at its best.",residential,upcoming,"Plot No. 105, Sector 8, Bandra, Mumbai",Mumbai,Maharashtra,477275,19.049010,72.863677,7209836.00,9,9,https://images.unsplash.com/photo-1600563438938-a650c6f43f20?w=800,"[""https://images.unsplash.com/photo-1599809275671-b5942cabc7a2?w=800"",""https://images.unsplash.com/photo-1600047509807-ba8f99d2cdde?w=800"",""https://images.unsplash.com/photo-1600573472591-ee6b68d14c68?w=800"",""https://images.unsplash.com/photo-1600585154526-990dced4db0d?w=800""]",,2025-03-11,2026-06-14,,9,51260.00,"[""Landscaped Gardens"",""Lift"",""Power Backup"",""Parking"",""Gym""]",,true,77.00,0,0,,,2025-11-09 08:19:41.702127+00,2025-11-09 08:19:41.70214+00,76,[],
f53ad372-2a46-42c4-9efc-7dc7af4fd4a4,Goregaon Court,goregaon-court,"Experience luxury living at Goregaon Court, a premium residential project in Mumbai. Featuring modern architecture, world-class amenities, and excellent connectivity.",residential,completed,"Plot No. 96, Sector 45, Mumbai",Mumbai,Maharashtra,489007,19.067906,72.922015,11021453.00,246,144,https://images.unsplash.com/photo-1600573472591-ee6b68d14c68?w=800,"[""https://images.unsplash.com/photo-1600566753086-00f18fb6b3ea?w=800"",""https://images.unsplash.com/photo-1600585154526-990dced4db0d?w=800"",""https://images.unsplash.com/photo-1600573472591-ee6b68d14c68?w=800"",""https://images.unsplash.com/photo-1600573472550-8090b5e0745e?w=800""]",,2025-01-11,2026-04-28,,14,355716.00,"[""Parking"",""Clubhouse"",""Party Hall"",""Basketball Court"",""Jogging Track"",""Kids Play Area"",""Swimming Pool"",""Power Backup"",""Amphitheater"",""Yoga Room"",""Sauna""]",,false,64.22,48,0,,,2025-11-09 08:13:22.668031+00,2025-11-09 08:13:22.668041+00,80,[],
f876ea19-b70b-4206-aeac-8fa5b56b35bd,Harmony Greens,harmony-greens,"Experience luxury living at Harmony Greens, a premium residential project in Delhi. Featuring modern architecture, world-class amenities, and excellent connectivity.",residential,upcoming,"Plot No. 25, Sector 1, Delhi",Delhi,Delhi,495062,28.726338,77.009447,8887519.00,290,156,https://images.unsplash.com/photo-1600607687920-4e2a09cf159d?w=800,"[""https://images.unsplash.com/photo-1600563438938-a650c6f43f20?w=800"",""https://images.unsplash.com/photo-1600607687939-ce8a6c25118c?w=800"",""https://images.unsplash.com/photo-1613977257363-707ba9348227?w=800"",""https://images.unsplash.com/photo-1502672260266-1c1ef2d93688?w=800""]",,2023-12-27,2026-10-16,,12,379030.00,"[""Gym"",""Squash Court"",""Security"",""Swimming Pool"",""Yoga Room"",""Sauna"",""Landscaped Gardens"",""Power Backup"",""Clubhouse"",""Amphitheater"",""Parking"",""Jogging Track""]",,true,79.76,228,0,,,2025-11-09 08:13:59.042463+00,2025-11-09 08:13:59.0425+00,73,[],
fcd67c5a-db92-426a-849c-d2ce79b0c4ea,Kharadi Park,kharadi-park,"Experience luxury living at Kharadi Park, a premium residential project in Pune. Featuring modern architecture, world-class amenities, and excellent connectivity.",residential,completed,"Plot No. 52, Sector 49, Pune",Pune,Maharashtra,494180,18.425239,73.897837,10383685.00,267,163,https://images.unsplash.com/photo-1600585154340-be6161a56a0c?w=800,"[""https://images.unsplash.com/photo-1600607687920-4e2a09cf159d?w=800"",""https://images.unsplash.com/photo-1600585154340-be6161a56a0c?w=800"",""https://images.unsplash.com/photo-1600566753086-00f18fb6b3ea?w=800"",""https://images.unsplash.com/photo-1600596542815-ffad4c1539a9?w=800"",""https://images.unsplash.com/photo-1600210492493-0946911123ea?w=800""]",,2024-02-23,2027-01-12,,23,389672.00,"[""Clubhouse"",""Amphitheater"",""Jogging Track"",""Basketball Court"",""Swimming Pool"",""Security"",""Sauna"",""Landscaped Gardens""]",,true,82.97,451,0,,,2025-11-09 08:13:34.65197+00,2025-11-09 08:13:34.652+00,78,[],
fe6465af-4524-49ab-9245-5610f83ed7dc,Grand Apartments Phase 10,grand-apartments-phase-10-62,"Grand Apartments Phase 10 offers premium living with modern amenities in Aundh, Pune. Experience luxury and comfort at its best.",residential,upcoming,"Plot No. 109, Sector 30, Aundh, Pune",Pune,Maharashtra,436082,18.549785,73.895910,6945604.00,8,8,https://images.unsplash.com/photo-1600585154526-990dced4db0d?w=800,"[""https://images.unsplash.com/photo-1600607687920-4e2a09cf159d?w=800"",""https://images.unsplash.com/photo-1613977257363-707ba9348227?w=800"",""https://images.unsplash.com/photo-1600607687644-c7171b42498b?w=800""]",,2025-04-04,2027-05-03,,8,90000.00,"[""Kids Play Area"",""Landscaped Gardens"",""Gym"",""Lift"",""Clubhouse"",""Swimming Pool"",""Parking"",""24/7 Security""]",,true,80.00,0,0,,,2025-11-09 08:19:45.87885+00,2025-11-09 08:19:45.878873+00,80,[],